[{"file":"c:/Users/Dipti/Desktop/Conference Management/Conference Management App/force-app/main/default/lwc/bookSession/bookSession.js","metadata":{"decorators":[{"type":"api","targets":[{"name":"speaker","type":"property","value":{"type":"unresolved"}}]},{"type":"track","targets":[{"name":"sessionOptions","type":"property"}]}],"classMembers":[{"name":"dateSelected","type":"property","value":{"type":"boolean","value":false},"loc":{"start":{"line":11,"column":4},"end":{"line":11,"column":25}}},{"name":"hasSessions","type":"property","value":{"type":"boolean","value":false},"loc":{"start":{"line":12,"column":0},"end":{"line":12,"column":20}}},{"name":"speaker","type":"property","value":{"type":"unresolved"},"decorator":"api","loc":{"start":{"line":14,"column":4},"end":{"line":14,"column":17}}},{"name":"selectedDate","type":"property","loc":{"start":{"line":16,"column":4},"end":{"line":16,"column":17}}},{"name":"selectedSessionId","type":"property","loc":{"start":{"line":17,"column":4},"end":{"line":17,"column":22}}},{"name":"sessionOptions","type":"property","decorator":"track","loc":{"start":{"line":19,"column":4},"end":{"line":19,"column":31}}},{"name":"disableButton","type":"property","value":{"type":"boolean","value":true},"loc":{"start":{"line":20,"column":4},"end":{"line":20,"column":25}}},{"name":"hasSpeaker","type":"property","loc":{"start":{"line":24,"column":4},"end":{"line":26,"column":5}}},{"name":"handleDateChange","type":"method","loc":{"start":{"line":29,"column":2},"end":{"line":55,"column":1}}},{"name":"handleSessionChange","type":"method","loc":{"start":{"line":60,"column":4},"end":{"line":81,"column":5}}},{"name":"handleCreate","type":"method","loc":{"start":{"line":84,"column":4},"end":{"line":122,"column":5}}},{"name":"showToast","type":"method","loc":{"start":{"line":124,"column":4},"end":{"line":128,"column":5}}}],"declarationLoc":{"start":{"line":9,"column":0},"end":{"line":129,"column":1}},"doc":"","exports":[{"type":"ExportDefaultDeclaration"}]},"updatedAt":"2026-01-03T15:31:58.215Z","_allAttributes":null,"_properties":null,"_methods":null},{"file":"c:/Users/Dipti/Desktop/Conference Management/Conference Management App/force-app/main/default/lwc/speakerList/speakerList.js","metadata":{"decorators":[{"type":"api","targets":[{"name":"speakers","type":"property","value":{"type":"unresolved"}}]}],"classMembers":[{"name":"speakers","type":"property","value":{"type":"unresolved"},"decorator":"api","loc":{"start":{"line":4,"column":4},"end":{"line":4,"column":18}}},{"name":"columns","type":"property","loc":{"start":{"line":6,"column":4},"end":{"line":18,"column":6}}},{"name":"handleRowAction","type":"method","loc":{"start":{"line":20,"column":4},"end":{"line":30,"column":1}}}],"declarationLoc":{"start":{"line":3,"column":0},"end":{"line":32,"column":1}},"doc":"","exports":[{"type":"ExportDefaultDeclaration"}]},"updatedAt":"2026-01-03T15:08:29.954Z","_allAttributes":null,"_properties":null,"_methods":null},{"file":"c:/Users/Dipti/Desktop/Conference Management/Conference Management App/force-app/main/default/lwc/speakerManager/speakerManager.js","metadata":{"decorators":[{"type":"track","targets":[{"name":"speakers","type":"property"},{"name":"selectedSpeaker","type":"property"}]}],"classMembers":[{"name":"speakers","type":"property","decorator":"track","loc":{"start":{"line":6,"column":4},"end":{"line":6,"column":25}}},{"name":"selectedSpeaker","type":"property","decorator":"track","loc":{"start":{"line":7,"column":4},"end":{"line":7,"column":27}}},{"name":"handleSearch","type":"method","loc":{"start":{"line":9,"column":3},"end":{"line":22,"column":1}}},{"name":"handleSpeakerSelect","type":"method","loc":{"start":{"line":25,"column":4},"end":{"line":27,"column":5}}}],"declarationLoc":{"start":{"line":4,"column":0},"end":{"line":28,"column":1}},"doc":"","exports":[{"type":"ExportDefaultDeclaration"}]},"updatedAt":"2026-01-03T15:08:29.945Z","_allAttributes":null,"_properties":null,"_methods":null},{"file":"c:/Users/Dipti/Desktop/Conference Management/Conference Management App/force-app/main/default/lwc/speakerSearch/speakerSearch.js","metadata":{"decorators":[],"classMembers":[{"name":"name","type":"property","value":{"type":"string","value":""},"loc":{"start":{"line":5,"column":4},"end":{"line":5,"column":14}}},{"name":"speciality","type":"property","value":{"type":"string","value":""},"loc":{"start":{"line":6,"column":4},"end":{"line":6,"column":20}}},{"name":"specialityOptions","type":"property","loc":{"start":{"line":8,"column":4},"end":{"line":13,"column":6}}},{"name":"handleNameChange","type":"method","loc":{"start":{"line":15,"column":4},"end":{"line":17,"column":5}}},{"name":"handleSpecialityChange","type":"method","loc":{"start":{"line":19,"column":4},"end":{"line":21,"column":5}}},{"name":"handleSearch","type":"method","loc":{"start":{"line":23,"column":4},"end":{"line":34,"column":1}}}],"declarationLoc":{"start":{"line":3,"column":0},"end":{"line":36,"column":1}},"doc":"","exports":[{"type":"ExportDefaultDeclaration"}]},"updatedAt":"2026-01-03T15:08:29.965Z","_allAttributes":null,"_properties":null,"_methods":null}]